Alternative,C1,C2,C3,C4,Topsis Score,Rank
A1,250,16,12,5,0.6049820747558743,1
A2,200,20,8,3,0.5753303031537286,2
A3,300,11,16,4,0.3437696822127913,3
